{"'domain.'": {"Total Packets": 4, "Total Bytes": 264, "Total DNS Packets": 4, "Total DNS Bytes": 264, "Total Time": 0.0781857967376709, "Total DNS Time": 0.0781857967376709, "last_packet_time": 1726049915.2485108, "TTFB": 9.989738464355469e-05, "start_time": 1726049915.170325}, "'2mdn.net.'": {"Total Packets": 4, "Total Bytes": 272, "Total DNS Packets": 4, "Total DNS Bytes": 272, "Total Time": 0.4595179557800293, "Total DNS Time": 0.4595179557800293, "last_packet_time": 1726049915.7123659, "TTFB": 9.012222290039062e-05, "start_time": 1726049915.252848}, "'3gppnetwork.org.'": {"Total Packets": 4, "Total Bytes": 300, "Total DNS Packets": 4, "Total DNS Bytes": 300, "Total Time": 0.11552214622497559, "Total DNS Time": 0.11552214622497559, "last_packet_time": 1726049915.832901, "TTFB": 0.0001220703125, "start_time": 1726049915.7173789}, "'3lift.com.'": {"Total Packets": 13, "Total Bytes": 1823, "Total DNS Packets": 4, "Total DNS Bytes": 524, "Total Time": 0.11950492858886719, "Total DNS Time": 0.04582095146179199, "last_packet_time": 1726049915.956117, "TTFB": 8.20159912109375e-05, "start_time": 1726049915.836612}, "'a-msedge.net.'": {"Total Packets": 6, "Total Bytes": 396, "Total DNS Packets": 4, "Total DNS Bytes": 288, "Total Time": 0.05035400390625, "Total DNS Time": 0.05025196075439453, "last_packet_time": 1726049916.010413, "TTFB": 8.392333984375e-05, "start_time": 1726049915.960059}, "'a2z.com.'": {"Total Packets": 4, "Total Bytes": 268, "Total DNS Packets": 4, "Total DNS Bytes": 268, "Total Time": 0.04580807685852051, "Total DNS Time": 0.04580807685852051, "last_packet_time": 1726049916.060204, "TTFB": 8.797645568847656e-05, "start_time": 1726049916.014396}, "'aaplimg.com.'": {"Total Packets": 4, "Total Bytes": 284, "Total DNS Packets": 4, "Total DNS Bytes": 284, "Total Time": 0.10219597816467285, "Total DNS Time": 0.10219597816467285, "last_packet_time": 1726049916.1659229, "TTFB": 8.893013000488281e-05, "start_time": 1726049916.063727}, "'adform.net.'": {"Total Packets": 13, "Total Bytes": 1722, "Total DNS Packets": 4, "Total DNS Bytes": 664, "Total Time": 0.6434729099273682, "Total DNS Time": 0.34397006034851074, "last_packet_time": 1726049916.8134139, "TTFB": 8.606910705566406e-05, "start_time": 1726049916.169941}, "'adnxs.com.'": {"Total Packets": 6, "Total Bytes": 384, "Total DNS Packets": 4, "Total DNS Bytes": 276, "Total Time": 0.31569910049438477, "Total DNS Time": 0.3130369186401367, "last_packet_time": 1726049917.132575, "TTFB": 8.487701416015625e-05, "start_time": 1726049916.816876}, "'adobe.com.'": {"Total Packets": 31, "Total Bytes": 7049, "Total DNS Packets": 8, "Total DNS Bytes": 948, "Total Time": 0.394150972366333, "Total DNS Time": 0.12137603759765625, "last_packet_time": 1726049917.5301309, "TTFB": 8.893013000488281e-05, "start_time": 1726049917.13598}, "'www.adobe.com.'": {"Total Packets": 30, "Total Bytes": 6846, "Total DNS Packets": 4, "Total DNS Bytes": 1120, "Total Time": 10.971381902694702, "Total DNS Time": 0.3854532241821289, "last_packet_time": 1726049928.5015209, "TTFB": 5.0067901611328125e-05, "start_time": 1726049917.530139}, "'adobe.io.'": {"Total Packets": 17, "Total Bytes": 1385, "Total DNS Packets": 4, "Total DNS Bytes": 512, "Total Time": 10.107184886932373, "Total DNS Time": 0.008729696273803711, "last_packet_time": 1726049938.612233, "TTFB": 0.00010585784912109375, "start_time": 1726049928.505048}, "'adsafeprotected.com.'": {"Total Packets": 18, "Total Bytes": 2945, "Total DNS Packets": 4, "Total DNS Bytes": 792, "Total Time": 0.7558751106262207, "Total DNS Time": 0.31142592430114746, "last_packet_time": 1726049939.371286, "TTFB": 8.106231689453125e-05, "start_time": 1726049938.6154108}, "'adsrvr.org.'": {"Total Packets": 49, "Total Bytes": 84865, "Total DNS Packets": 4, "Total DNS Bytes": 664, "Total Time": 1.537001132965088, "Total DNS Time": 0.010898113250732422, "last_packet_time": 1726049945.487541, "TTFB": 2.9087066650390625e-05, "start_time": 1726049943.9505398}, "'www.thetradedesk.com.'": {"Total Packets": 7, "Total Bytes": 965, "Total DNS Packets": 4, "Total DNS Bytes": 779, "Total Time": 0.10107612609863281, "Total DNS Time": 0.02076411247253418, "last_packet_time": 1726049946.816263, "TTFB": 3.814697265625e-05, "start_time": 1726049946.7151868}, "'thetradedesk.com.'": {"Total Packets": 22, "Total Bytes": 7323, "Total DNS Packets": 4, "Total DNS Bytes": 768, "Total Time": 1.2254021167755127, "Total DNS Time": 0.28380918502807617, "last_packet_time": 1726049946.715118, "TTFB": 5.412101745605469e-05, "start_time": 1726049945.4897158}}